[
    { "title": "New Laptops", "subtitle": "Now starting at $1299", "image": "https://images.unsplash.com/photo-1499951360447-b19be8fe80f5?ixlib=rb-0.3.5&s=a8ef3fd4a48693a0620b614a6209b687&auto=format&fit=crop&w=750&q=80" },
    { "title": "New mobile phone", "subtitle": "Special for today", "image": "https://images.unsplash.com/photo-1498661705887-3778d9ecb4ff?ixlib=rb-0.3.5&s=f51f276113011f5dc3020416e13e5cb6&auto=format&fit=crop&w=550&q=80" },
    { "title": "Watch collection", "subtitle": "Special for today", "image": "https://images.unsplash.com/photo-1463820048975-a3b50e6d991d?ixlib=rb-0.3.5&s=6cfe9709e4c45ab8b4f875c84a2746ed&auto=format&fit=crop&w=500&q=80" },
    { "title": "Summer collection", "subtitle": "New Arrivals On Sale", "image": "https://images.unsplash.com/photo-1509695507497-903c140c43b0?ixlib=rb-0.3.5&s=f695afbce9bdbe2c16c7a7b3875588f2&auto=format&fit=crop&w=500&q=80" },
    { "title": "Shoes for you", "subtitle": "Now starting at $89", "image": "https://images.unsplash.com/photo-1499013819532-e4ff41b00669?ixlib=rb-0.3.5&s=976794f0c5d7239a69cfacb3d3f86c3b&auto=format&fit=crop&w=500&q=80" },    
    { "title": "Popular jewellery brands", "subtitle": "Now starting at $1799", "image": "https://images.unsplash.com/photo-1459204195697-4de88edf3ab1?ixlib=rb-0.3.5&s=11e2623667499f18828709399500a7c1&auto=format&fit=crop&w=900&q=80" }
]